week,date,day,time,platform,pillar,content,asset_required,status
1,2026-06-17,Wed,9:00 AM,LinkedIn,Founder POV,"Most agencies overcharge and underdeliver because they're built on billable hours. We're not. Flat-fee, fixed-scope, 14-day delivery — the math is on our side.

---

Free brand audit: link in comments.",none,draft
1,2026-06-18,Thu,9:00 AM,X/Twitter,Founder POV,The post-funding rebrand is a real tax on momentum. 6 months of brand work = 6 months of distraction from product. We collapse it to 14 days.,none,draft
1,2026-06-19,Fri,9:00 AM,Reddit,Founder POV,"[r/startups / r/Entrepreneur] Hot take: 90% of agency decks are filled with work the agency is proud of, not work that moved the client's metric. Stop hiring agencies. Hire operators.

(Not selling, just starting a discussion. What worked for your post-funding rebrand?)",none,draft
1,2026-06-20,Sat,9:00 AM,LinkedIn,Teardown,"Teardown: Unknown just raised $62.5M. They have 30 days before TechCrunch traffic spikes. 3 things their brand needs to handle: (1) the headline visual, (2) the founder photo, (3) the 'why now' page. Most funded companies skip all three. We can ship them in 14 days.

Source: https://techcrunch.com/2026/06/15/malaysias-respond-io-raises-62-5m-eyes-acquisitions-in-north-america-and-europe/",screenshot of lead's site,draft
1,2026-06-21,Sun,9:00 AM,X/Twitter,Build-in-public,Building in public: today we shipped ad creative for 6 concepts in 4 hours using Imagen 3. The cost per creative: $0.03. 4 years ago this took a junior designer 2 days at $400.,none,draft
1,2026-06-22,Mon,9:00 AM,LinkedIn,Lead magnet,"I just published the 'pre-Series-A brand kit' — 14 templates, no email gate. Comment 'KIT' and I'll DM.",none,draft
1,2026-06-23,Tue,9:00 AM,X/Twitter,Lead magnet,Free Notion template: 'Brand Brief for Funded Startups'. Comment 'BRIEF'.,none,draft
2,2026-06-24,Wed,9:00 AM,LinkedIn,Founder POV,"Brand work is a tax writeoff if you structure it right. Most founders don't know this.

---

Free brand audit: link in comments.",none,draft
2,2026-06-25,Thu,9:00 AM,X/Twitter,Founder POV,"Most agencies overcharge and underdeliver because they're built on billable hours. We're not. Flat-fee, fixed-scope, 14-day delivery — the math is on our side.",none,draft
2,2026-06-26,Fri,9:00 AM,Reddit,Founder POV,"[r/startups / r/Entrepreneur] The post-funding rebrand is a real tax on momentum. 6 months of brand work = 6 months of distraction from product. We collapse it to 14 days.

(Not selling, just starting a discussion. What worked for your post-funding rebrand?)",none,draft
2,2026-06-27,Sat,9:00 AM,LinkedIn,Teardown,"Teardown: Quantum Space just raised $1.2B. They have 30 days before TechCrunch traffic spikes. 3 things their brand needs to handle: (1) the headline visual, (2) the founder photo, (3) the 'why now' page. Most funded companies skip all three. We can ship them in 14 days.

Source: https://techcrunch.com/2026/06/11/quantum-spaces-military-spac-is-trying-to-catch-spacexs-ipo-wave/",screenshot of lead's site,draft
2,2026-06-28,Sun,9:00 AM,X/Twitter,Build-in-public,Building in public: today we shipped ad creative for 6 concepts in 4 hours using Imagen 3. The cost per creative: $0.03. 4 years ago this took a junior designer 2 days at $400.,none,draft
2,2026-06-29,Mon,9:00 AM,LinkedIn,Lead magnet,Free Notion template: 'Brand Brief for Funded Startups'. Comment 'BRIEF'.,none,draft
2,2026-06-30,Tue,9:00 AM,X/Twitter,Lead magnet,Free 30-min audit: I'll review your homepage and send 3 specific improvements. Reply 'AUDIT'.,none,draft
3,2026-07-01,Wed,9:00 AM,LinkedIn,Founder POV,"If your homepage takes 4 seconds to load, your brand is invisible. Performance is a brand decision.

---

Free brand audit: link in comments.",none,draft
3,2026-07-02,Thu,9:00 AM,X/Twitter,Founder POV,Brand work is a tax writeoff if you structure it right. Most founders don't know this.,none,draft
3,2026-07-03,Fri,9:00 AM,Reddit,Founder POV,"[r/startups / r/Entrepreneur] Most agencies overcharge and underdeliver because they're built on billable hours. We're not. Flat-fee, fixed-scope, 14-day delivery — the math is on our side.

(Not selling, just starting a discussion. What worked for your post-funding rebrand?)",none,draft
3,2026-07-04,Sat,9:00 AM,LinkedIn,Teardown,"Teardown: Orbio just raised $21M. They have 30 days before TechCrunch traffic spikes. 3 things their brand needs to handle: (1) the headline visual, (2) the founder photo, (3) the 'why now' page. Most funded companies skip all three. We can ship them in 14 days.

Source: https://techcrunch.com/2026/06/14/orbio-raises-21-million-to-automate-hiring-and-onboarding-for-frontline-workers/",screenshot of lead's site,draft
3,2026-07-05,Sun,9:00 AM,X/Twitter,Build-in-public,Building in public: today we shipped ad creative for 6 concepts in 4 hours using Imagen 3. The cost per creative: $0.03. 4 years ago this took a junior designer 2 days at $400.,none,draft
3,2026-07-06,Mon,9:00 AM,LinkedIn,Lead magnet,Free 30-min audit: I'll review your homepage and send 3 specific improvements. Reply 'AUDIT'.,none,draft
3,2026-07-07,Tue,9:00 AM,X/Twitter,Lead magnet,"Free: the 14-day post-funding brand checklist. 27 items, in priority order. Link in profile.",none,draft
4,2026-07-08,Wed,9:00 AM,LinkedIn,Founder POV,"AI-native agencies don't replace senior creatives. They replace the boring 80% — wireframes, mock variations, asset versioning. Senior taste still wins.

---

Free brand audit: link in comments.",none,draft
4,2026-07-09,Thu,9:00 AM,X/Twitter,Founder POV,"If your homepage takes 4 seconds to load, your brand is invisible. Performance is a brand decision.",none,draft
4,2026-07-10,Fri,9:00 AM,Reddit,Founder POV,"[r/startups / r/Entrepreneur] Brand work is a tax writeoff if you structure it right. Most founders don't know this.

(Not selling, just starting a discussion. What worked for your post-funding rebrand?)",none,draft
4,2026-07-11,Sat,9:00 AM,LinkedIn,Teardown,"Teardown: Probably just raised $9M. They have 30 days before TechCrunch traffic spikes. 3 things their brand needs to handle: (1) the headline visual, (2) the founder photo, (3) the 'why now' page. Most funded companies skip all three. We can ship them in 14 days.

Source: https://techcrunch.com/2026/06/16/probably-raises-9m-to-build-a-more-reliable-kind-of-ai/",screenshot of lead's site,draft
4,2026-07-12,Sun,9:00 AM,X/Twitter,Build-in-public,Building in public: today we shipped ad creative for 6 concepts in 4 hours using Imagen 3. The cost per creative: $0.03. 4 years ago this took a junior designer 2 days at $400.,none,draft
4,2026-07-13,Mon,9:00 AM,LinkedIn,Lead magnet,"Free: the 14-day post-funding brand checklist. 27 items, in priority order. Link in profile.",none,draft
4,2026-07-14,Tue,9:00 AM,X/Twitter,Lead magnet,"I just published the 'pre-Series-A brand kit' — 14 templates, no email gate. Comment 'KIT' and I'll DM.",none,draft
5,2026-07-15,Wed,9:00 AM,LinkedIn,Founder POV,"We open-sourced our PQC work to the Linux Foundation. The unsexy part of trust-building: putting your code where your claims are.

---

Free brand audit: link in comments.",none,draft
5,2026-07-16,Thu,9:00 AM,X/Twitter,Founder POV,"AI-native agencies don't replace senior creatives. They replace the boring 80% — wireframes, mock variations, asset versioning. Senior taste still wins.",none,draft
5,2026-07-17,Fri,9:00 AM,Reddit,Founder POV,"[r/startups / r/Entrepreneur] If your homepage takes 4 seconds to load, your brand is invisible. Performance is a brand decision.

(Not selling, just starting a discussion. What worked for your post-funding rebrand?)",none,draft
5,2026-07-18,Sat,9:00 AM,LinkedIn,Teardown,"Teardown: Theker just raised $85M. They have 30 days before TechCrunch traffic spikes. 3 things their brand needs to handle: (1) the headline visual, (2) the founder photo, (3) the 'why now' page. Most funded companies skip all three. We can ship them in 14 days.

Source: https://techcrunch.com/2026/06/11/theker-just-raised-85m-to-build-the-factory-robot-that-doesnt-specialize-in-anything/",screenshot of lead's site,draft
5,2026-07-19,Sun,9:00 AM,X/Twitter,Build-in-public,Building in public: today we shipped ad creative for 6 concepts in 4 hours using Imagen 3. The cost per creative: $0.03. 4 years ago this took a junior designer 2 days at $400.,none,draft
5,2026-07-20,Mon,9:00 AM,LinkedIn,Lead magnet,"I just published the 'pre-Series-A brand kit' — 14 templates, no email gate. Comment 'KIT' and I'll DM.",none,draft
5,2026-07-21,Tue,9:00 AM,X/Twitter,Lead magnet,Free Notion template: 'Brand Brief for Funded Startups'. Comment 'BRIEF'.,none,draft
