Date,Time,Business Name,Category,Phone,Message Sent,Response,Notes2026-05-13,,Tim Hortons,cafe,+1 313-240-9394,"Hi Tim,

I help cafe like yours get 2‑3 new bookings/week from Google Maps with a simple, fast‑loading site – no ad spend needed.

Can I show you a 2‑minute mockup I could put together for Tim Hortons?

Best,
[Your Name]
[Your Phone]",
2026-05-13,,Biggby Coffee,cafe,+1-313-982-1100,"Hi Biggby,

I help cafe like yours get 2‑3 new bookings/week from Google Maps with a simple, fast‑loading site – no ad spend needed.

Can I show you a 2‑minute mockup I could put together for Biggby Coffee?

Best,
[Your Name]
[Your Phone]",
2026-05-13,,Romantica Cafe,cafe,+1-313-429-3166,"Hi Romantica,

I help cafe like yours get 2‑3 new bookings/week from Google Maps with a simple, fast‑loading site – no ad spend needed.

Can I show you a 2‑minute mockup I could put together for Romantica Cafe?

Best,
[Your Name]
[Your Phone]",
2026-05-13,,Tim Hortons,cafe,+1 313-923-8900,"Hi Tim,

I help cafe like yours get 2‑3 new bookings/week from Google Maps with a simple, fast‑loading site – no ad spend needed.

Can I show you a 2‑minute mockup I could put together for Tim Hortons?

Best,
[Your Name]
[Your Phone]",
2026-05-13,,Tim Hortons,cafe,+1 586-756-6300,"Hi Tim,

I help cafe like yours get 2‑3 new bookings/week from Google Maps with a simple, fast‑loading site – no ad spend needed.

Can I show you a 2‑minute mockup I could put together for Tim Hortons?

Best,
[Your Name]
[Your Phone]",
2026-05-13,,Tim Hortons,cafe,+1 313-928-0138,"Hi Tim,

I help cafe like yours get 2‑3 new bookings/week from Google Maps with a simple, fast‑loading site – no ad spend needed.

Can I show you a 2‑minute mockup I could put together for Tim Hortons?

Best,
[Your Name]
[Your Phone]",
2026-05-13,,Biggby Coffee,cafe,+1 248 291 5932,"Hi Biggby,

I help cafe like yours get 2‑3 new bookings/week from Google Maps with a simple, fast‑loading site – no ad spend needed.

Can I show you a 2‑minute mockup I could put together for Biggby Coffee?

Best,
[Your Name]
[Your Phone]",
2026-05-13,,Tim Hortons,cafe,+1 248-399-1367,"Hi Tim,

I help cafe like yours get 2‑3 new bookings/week from Google Maps with a simple, fast‑loading site – no ad spend needed.

Can I show you a 2‑minute mockup I could put together for Tim Hortons?

Best,
[Your Name]
[Your Phone]",
2026-05-13,,Tim Hortons,cafe,+1 313-295-8484,"Hi Tim,

I help cafe like yours get 2‑3 new bookings/week from Google Maps with a simple, fast‑loading site – no ad spend needed.

Can I show you a 2‑minute mockup I could put together for Tim Hortons?

Best,
[Your Name]
[Your Phone]",
2026-05-13,,Tim Hortons,cafe,+1 313-406-5420,"Hi Tim,

I help cafe like yours get 2‑3 new bookings/week from Google Maps with a simple, fast‑loading site – no ad spend needed.

Can I show you a 2‑minute mockup I could put together for Tim Hortons?

Best,
[Your Name]
[Your Phone]",
